{
  "hipotesis_1": {
    "grupo_adverso": {
      "n": 34,
      "crecimiento_pct": 76.47058823529412
    },
    "grupo_comparacion": {
      "n": 676,
      "crecimiento_pct": 78.40236686390533
    },
    "estadistica": {
      "chi2": 0.002857703959831321,
      "p_valor": 0.9573673948699299,
      "significativo": false
    },
    "conclusion": "NO RECHAZADA"
  },
  "hipotesis_2": {
    "grupo_favorable": {
      "n": 289,
      "tech_promedio": 2.0,
      "tech_alta_pct": 20.761245674740483
    },
    "grupo_comparacion": {
      "n": 413,
      "tech_promedio": 2.0338983050847457,
      "tech_alta_pct": 18.886198547215496
    },
    "estadistica": {
      "mann_whitney_u": 58075.5,
      "p_valor": 0.7594733407057832,
      "significativo": false
    },
    "conclusion": "NO RECHAZADA"
  }
}